-- ---------------------------------------------------------------------------
-- Tenants
-- ---------------------------------------------------------------------------

INSERT INTO tenants (id, name, slug, config) VALUES
  (
    'a0000000-0000-0000-0000-000000000001',
    'Jazz Gallery',
    'jazz-gallery',
    '{"primaryColor":"#1a1a2e","accentColor":"#f4c542","venueType":"jazz"}'
  ),
  (
    'a0000000-0000-0000-0000-000000000002',
    'Empire Arts',
    'empire-arts',
    '{"primaryColor":"#0f3460","accentColor":"#00c9a7","venueType":"theater"}'
  )
ON CONFLICT (slug) DO NOTHING;

-- ---------------------------------------------------------------------------
-- Events — Jazz Gallery
-- Dates are relative to seed time so events are always upcoming regardless
-- of when the DB is initialized. Spread: tomorrow (+1), 3 days out (+3),
-- 4 days out (+4).
-- ---------------------------------------------------------------------------

INSERT INTO events (id, tenant_id, name, description, venue, starts_at, ends_at, status) VALUES
  (
    'e1000000-0000-0000-0000-000000000001',
    'a0000000-0000-0000-0000-000000000001',
    'Miles Ahead Quartet',
    'An intimate evening of modal jazz inspired by the classic Miles Davis catalog. Featuring local legends on trumpet, piano, upright bass, and drums.',
    'Jazz Gallery — Main Stage',
    (CURRENT_DATE + INTERVAL '3 days')::timestamp + TIME '20:00:00',
    (CURRENT_DATE + INTERVAL '3 days')::timestamp + TIME '22:30:00',
    'active'
  ),
  (
    'e1000000-0000-0000-0000-000000000002',
    'a0000000-0000-0000-0000-000000000001',
    'Bossa Nova & Beyond',
    'A sultry Friday night journey through Brazilian bossa nova, samba jazz, and Latin fusion. Duo performance with guitar and vocals.',
    'Jazz Gallery — Main Stage',
    (CURRENT_DATE + INTERVAL '1 day')::timestamp + TIME '21:00:00',
    (CURRENT_DATE + INTERVAL '1 day')::timestamp + TIME '23:00:00',
    'active'
  ),
  (
    'e1000000-0000-0000-0000-000000000003',
    'a0000000-0000-0000-0000-000000000001',
    'Sunday Brunch Jazz',
    'A relaxed Sunday brunch set — smooth standards and bebop classics over mimosas and eggs. Family-friendly, walk-ins welcome at the door.',
    'Jazz Gallery — Courtyard',
    (CURRENT_DATE + INTERVAL '4 days')::timestamp + TIME '11:00:00',
    (CURRENT_DATE + INTERVAL '4 days')::timestamp + TIME '14:00:00',
    'active'
  );

-- ---------------------------------------------------------------------------
-- Events — Empire Arts
-- ---------------------------------------------------------------------------

INSERT INTO events (id, tenant_id, name, description, venue, starts_at, ends_at, status) VALUES
  (
    'e2000000-0000-0000-0000-000000000001',
    'a0000000-0000-0000-0000-000000000002',
    'Hamlet — Opening Night',
    'Shakespeare''s timeless tragedy reimagined in a contemporary urban setting. Featuring the Empire Arts Repertory Company in a production praised by critics as "electric and visceral."',
    'Empire Arts — Grand Theatre',
    (CURRENT_DATE + INTERVAL '1 day')::timestamp + TIME '19:30:00',
    (CURRENT_DATE + INTERVAL '1 day')::timestamp + TIME '22:30:00',
    'active'
  ),
  (
    'e2000000-0000-0000-0000-000000000002',
    'a0000000-0000-0000-0000-000000000002',
    'Hamlet — Saturday Matinee',
    'Afternoon performance of the season''s flagship production. Same cast as opening night.',
    'Empire Arts — Grand Theatre',
    (CURRENT_DATE + INTERVAL '3 days')::timestamp + TIME '14:00:00',
    (CURRENT_DATE + INTERVAL '3 days')::timestamp + TIME '17:00:00',
    'active'
  ),
  (
    'e2000000-0000-0000-0000-000000000003',
    'a0000000-0000-0000-0000-000000000002',
    'The Glass Menagerie',
    'Tennessee Williams'' memory play performed by a guest ensemble. A lyrical, haunting portrait of a fractured family in 1930s St. Louis.',
    'Empire Arts — Studio Black Box',
    (CURRENT_DATE + INTERVAL '4 days')::timestamp + TIME '19:00:00',
    (CURRENT_DATE + INTERVAL '4 days')::timestamp + TIME '21:00:00',
    'active'
  );

-- ---------------------------------------------------------------------------
-- Inventory — Jazz Gallery: Miles Ahead Quartet (e1...001)
-- Sections: front (rows A–B), back (rows C–D), balcony (rows E–F), vip (row S)
-- ---------------------------------------------------------------------------

INSERT INTO inventory (id, event_id, section, row, seat_number, price_cents, status) VALUES
  -- front: rows A–B, seats 1–6, $75
  ('b1010000-0000-0000-0000-000000000001','e1000000-0000-0000-0000-000000000001','front','A','1',7500,'available'),
  ('b1010000-0000-0000-0000-000000000002','e1000000-0000-0000-0000-000000000001','front','A','2',7500,'sold'),
  ('b1010000-0000-0000-0000-000000000003','e1000000-0000-0000-0000-000000000001','front','A','3',7500,'sold'),
  ('b1010000-0000-0000-0000-000000000004','e1000000-0000-0000-0000-000000000001','front','A','4',7500,'available'),
  ('b1010000-0000-0000-0000-000000000005','e1000000-0000-0000-0000-000000000001','front','A','5',7500,'available'),
  ('b1010000-0000-0000-0000-000000000006','e1000000-0000-0000-0000-000000000001','front','A','6',7500,'sold'),
  ('b1010000-0000-0000-0000-000000000007','e1000000-0000-0000-0000-000000000001','front','B','1',7500,'available'),
  ('b1010000-0000-0000-0000-000000000008','e1000000-0000-0000-0000-000000000001','front','B','2',7500,'available'),
  ('b1010000-0000-0000-0000-000000000009','e1000000-0000-0000-0000-000000000001','front','B','3',7500,'sold'),
  ('b1010000-0000-0000-0000-000000000010','e1000000-0000-0000-0000-000000000001','front','B','4',7500,'available'),
  ('b1010000-0000-0000-0000-000000000011','e1000000-0000-0000-0000-000000000001','front','B','5',7500,'available'),
  ('b1010000-0000-0000-0000-000000000012','e1000000-0000-0000-0000-000000000001','front','B','6',7500,'available'),
  -- back: rows C–D, seats 1–8, $45
  ('b1020000-0000-0000-0000-000000000001','e1000000-0000-0000-0000-000000000001','back','C','1',4500,'available'),
  ('b1020000-0000-0000-0000-000000000002','e1000000-0000-0000-0000-000000000001','back','C','2',4500,'available'),
  ('b1020000-0000-0000-0000-000000000003','e1000000-0000-0000-0000-000000000001','back','C','3',4500,'available'),
  ('b1020000-0000-0000-0000-000000000004','e1000000-0000-0000-0000-000000000001','back','C','4',4500,'available'),
  ('b1020000-0000-0000-0000-000000000005','e1000000-0000-0000-0000-000000000001','back','C','5',4500,'available'),
  ('b1020000-0000-0000-0000-000000000006','e1000000-0000-0000-0000-000000000001','back','C','6',4500,'available'),
  ('b1020000-0000-0000-0000-000000000007','e1000000-0000-0000-0000-000000000001','back','C','7',4500,'available'),
  ('b1020000-0000-0000-0000-000000000008','e1000000-0000-0000-0000-000000000001','back','C','8',4500,'available'),
  ('b1020000-0000-0000-0000-000000000009','e1000000-0000-0000-0000-000000000001','back','D','1',4500,'available'),
  ('b1020000-0000-0000-0000-000000000010','e1000000-0000-0000-0000-000000000001','back','D','2',4500,'available'),
  ('b1020000-0000-0000-0000-000000000011','e1000000-0000-0000-0000-000000000001','back','D','3',4500,'available'),
  ('b1020000-0000-0000-0000-000000000012','e1000000-0000-0000-0000-000000000001','back','D','4',4500,'available'),
  ('b1020000-0000-0000-0000-000000000013','e1000000-0000-0000-0000-000000000001','back','D','5',4500,'available'),
  ('b1020000-0000-0000-0000-000000000014','e1000000-0000-0000-0000-000000000001','back','D','6',4500,'available'),
  ('b1020000-0000-0000-0000-000000000015','e1000000-0000-0000-0000-000000000001','back','D','7',4500,'available'),
  ('b1020000-0000-0000-0000-000000000016','e1000000-0000-0000-0000-000000000001','back','D','8',4500,'available'),
  -- balcony: rows E–F, seats 1–6, $35
  ('b1030000-0000-0000-0000-000000000001','e1000000-0000-0000-0000-000000000001','balcony','E','1',3500,'available'),
  ('b1030000-0000-0000-0000-000000000002','e1000000-0000-0000-0000-000000000001','balcony','E','2',3500,'available'),
  ('b1030000-0000-0000-0000-000000000003','e1000000-0000-0000-0000-000000000001','balcony','E','3',3500,'available'),
  ('b1030000-0000-0000-0000-000000000004','e1000000-0000-0000-0000-000000000001','balcony','E','4',3500,'available'),
  ('b1030000-0000-0000-0000-000000000005','e1000000-0000-0000-0000-000000000001','balcony','E','5',3500,'available'),
  ('b1030000-0000-0000-0000-000000000006','e1000000-0000-0000-0000-000000000001','balcony','E','6',3500,'available'),
  ('b1030000-0000-0000-0000-000000000007','e1000000-0000-0000-0000-000000000001','balcony','F','1',3500,'available'),
  ('b1030000-0000-0000-0000-000000000008','e1000000-0000-0000-0000-000000000001','balcony','F','2',3500,'available'),
  ('b1030000-0000-0000-0000-000000000009','e1000000-0000-0000-0000-000000000001','balcony','F','3',3500,'available'),
  ('b1030000-0000-0000-0000-000000000010','e1000000-0000-0000-0000-000000000001','balcony','F','4',3500,'available'),
  ('b1030000-0000-0000-0000-000000000011','e1000000-0000-0000-0000-000000000001','balcony','F','5',3500,'available'),
  ('b1030000-0000-0000-0000-000000000012','e1000000-0000-0000-0000-000000000001','balcony','F','6',3500,'available'),
  -- vip: row S, seats 1–4, $120
  ('b1040000-0000-0000-0000-000000000001','e1000000-0000-0000-0000-000000000001','vip','S','1',12000,'sold'),
  ('b1040000-0000-0000-0000-000000000002','e1000000-0000-0000-0000-000000000001','vip','S','2',12000,'available'),
  ('b1040000-0000-0000-0000-000000000003','e1000000-0000-0000-0000-000000000001','vip','S','3',12000,'available'),
  ('b1040000-0000-0000-0000-000000000004','e1000000-0000-0000-0000-000000000001','vip','S','4',12000,'sold');

-- ---------------------------------------------------------------------------
-- Inventory — Jazz Gallery: Bossa Nova & Beyond (e1...002)
-- Fewer seats — intimate duo show, $40 / $55 flat
-- ---------------------------------------------------------------------------

INSERT INTO inventory (id, event_id, section, row, seat_number, price_cents, status) VALUES
  ('b1050000-0000-0000-0000-000000000001','e1000000-0000-0000-0000-000000000002','front','A','1',5500,'sold'),
  ('b1050000-0000-0000-0000-000000000002','e1000000-0000-0000-0000-000000000002','front','A','2',5500,'sold'),
  ('b1050000-0000-0000-0000-000000000003','e1000000-0000-0000-0000-000000000002','front','A','3',5500,'available'),
  ('b1050000-0000-0000-0000-000000000004','e1000000-0000-0000-0000-000000000002','front','A','4',5500,'available'),
  ('b1050000-0000-0000-0000-000000000005','e1000000-0000-0000-0000-000000000002','front','B','1',5500,'available'),
  ('b1050000-0000-0000-0000-000000000006','e1000000-0000-0000-0000-000000000002','front','B','2',5500,'available'),
  ('b1050000-0000-0000-0000-000000000007','e1000000-0000-0000-0000-000000000002','back','C','1',4000,'available'),
  ('b1050000-0000-0000-0000-000000000008','e1000000-0000-0000-0000-000000000002','back','C','2',4000,'available'),
  ('b1050000-0000-0000-0000-000000000009','e1000000-0000-0000-0000-000000000002','back','C','3',4000,'available'),
  ('b1050000-0000-0000-0000-000000000010','e1000000-0000-0000-0000-000000000002','back','C','4',4000,'available'),
  ('b1050000-0000-0000-0000-000000000011','e1000000-0000-0000-0000-000000000002','back','D','1',4000,'available'),
  ('b1050000-0000-0000-0000-000000000012','e1000000-0000-0000-0000-000000000002','back','D','2',4000,'available'),
  ('b1050000-0000-0000-0000-000000000013','e1000000-0000-0000-0000-000000000002','back','D','3',4000,'available'),
  ('b1050000-0000-0000-0000-000000000014','e1000000-0000-0000-0000-000000000002','back','D','4',4000,'available'),
  ('b1050000-0000-0000-0000-000000000015','e1000000-0000-0000-0000-000000000002','balcony','E','1',3000,'available'),
  ('b1050000-0000-0000-0000-000000000016','e1000000-0000-0000-0000-000000000002','balcony','E','2',3000,'available'),
  ('b1050000-0000-0000-0000-000000000017','e1000000-0000-0000-0000-000000000002','balcony','E','3',3000,'available'),
  ('b1050000-0000-0000-0000-000000000018','e1000000-0000-0000-0000-000000000002','balcony','E','4',3000,'available');

-- ---------------------------------------------------------------------------
-- Inventory — Jazz Gallery: Sunday Brunch Jazz (e1...003)
-- Open courtyard — all seats $25, plenty of availability
-- ---------------------------------------------------------------------------

INSERT INTO inventory (id, event_id, section, row, seat_number, price_cents, status) VALUES
  ('b1060000-0000-0000-0000-000000000001','e1000000-0000-0000-0000-000000000003','front','A','1',2500,'available'),
  ('b1060000-0000-0000-0000-000000000002','e1000000-0000-0000-0000-000000000003','front','A','2',2500,'available'),
  ('b1060000-0000-0000-0000-000000000003','e1000000-0000-0000-0000-000000000003','front','A','3',2500,'available'),
  ('b1060000-0000-0000-0000-000000000004','e1000000-0000-0000-0000-000000000003','front','A','4',2500,'available'),
  ('b1060000-0000-0000-0000-000000000005','e1000000-0000-0000-0000-000000000003','back','B','1',2500,'available'),
  ('b1060000-0000-0000-0000-000000000006','e1000000-0000-0000-0000-000000000003','back','B','2',2500,'available'),
  ('b1060000-0000-0000-0000-000000000007','e1000000-0000-0000-0000-000000000003','back','B','3',2500,'available'),
  ('b1060000-0000-0000-0000-000000000008','e1000000-0000-0000-0000-000000000003','back','B','4',2500,'available'),
  ('b1060000-0000-0000-0000-000000000009','e1000000-0000-0000-0000-000000000003','back','B','5',2500,'available'),
  ('b1060000-0000-0000-0000-000000000010','e1000000-0000-0000-0000-000000000003','back','B','6',2500,'available'),
  ('b1060000-0000-0000-0000-000000000011','e1000000-0000-0000-0000-000000000003','back','C','1',2500,'available'),
  ('b1060000-0000-0000-0000-000000000012','e1000000-0000-0000-0000-000000000003','back','C','2',2500,'available'),
  ('b1060000-0000-0000-0000-000000000013','e1000000-0000-0000-0000-000000000003','back','C','3',2500,'available'),
  ('b1060000-0000-0000-0000-000000000014','e1000000-0000-0000-0000-000000000003','back','C','4',2500,'available'),
  ('b1060000-0000-0000-0000-000000000015','e1000000-0000-0000-0000-000000000003','back','C','5',2500,'available'),
  ('b1060000-0000-0000-0000-000000000016','e1000000-0000-0000-0000-000000000003','back','C','6',2500,'available');

-- ---------------------------------------------------------------------------
-- Inventory — Empire Arts: Hamlet Opening Night (e2...001)
-- Grand Theatre — premium pricing, mixed availability
-- ---------------------------------------------------------------------------

INSERT INTO inventory (id, event_id, section, row, seat_number, price_cents, status) VALUES
  -- front: rows A–B, $120
  ('b2010000-0000-0000-0000-000000000001','e2000000-0000-0000-0000-000000000001','front','A','1',12000,'sold'),
  ('b2010000-0000-0000-0000-000000000002','e2000000-0000-0000-0000-000000000001','front','A','2',12000,'sold'),
  ('b2010000-0000-0000-0000-000000000003','e2000000-0000-0000-0000-000000000001','front','A','3',12000,'sold'),
  ('b2010000-0000-0000-0000-000000000004','e2000000-0000-0000-0000-000000000001','front','A','4',12000,'sold'),
  ('b2010000-0000-0000-0000-000000000005','e2000000-0000-0000-0000-000000000001','front','A','5',12000,'available'),
  ('b2010000-0000-0000-0000-000000000006','e2000000-0000-0000-0000-000000000001','front','A','6',12000,'available'),
  ('b2010000-0000-0000-0000-000000000007','e2000000-0000-0000-0000-000000000001','front','B','1',12000,'available'),
  ('b2010000-0000-0000-0000-000000000008','e2000000-0000-0000-0000-000000000001','front','B','2',12000,'available'),
  ('b2010000-0000-0000-0000-000000000009','e2000000-0000-0000-0000-000000000001','front','B','3',12000,'sold'),
  ('b2010000-0000-0000-0000-000000000010','e2000000-0000-0000-0000-000000000001','front','B','4',12000,'sold'),
  ('b2010000-0000-0000-0000-000000000011','e2000000-0000-0000-0000-000000000001','front','B','5',12000,'available'),
  ('b2010000-0000-0000-0000-000000000012','e2000000-0000-0000-0000-000000000001','front','B','6',12000,'available'),
  -- back: rows C–D, $75
  ('b2020000-0000-0000-0000-000000000001','e2000000-0000-0000-0000-000000000001','back','C','1',7500,'available'),
  ('b2020000-0000-0000-0000-000000000002','e2000000-0000-0000-0000-000000000001','back','C','2',7500,'available'),
  ('b2020000-0000-0000-0000-000000000003','e2000000-0000-0000-0000-000000000001','back','C','3',7500,'available'),
  ('b2020000-0000-0000-0000-000000000004','e2000000-0000-0000-0000-000000000001','back','C','4',7500,'available'),
  ('b2020000-0000-0000-0000-000000000005','e2000000-0000-0000-0000-000000000001','back','C','5',7500,'available'),
  ('b2020000-0000-0000-0000-000000000006','e2000000-0000-0000-0000-000000000001','back','C','6',7500,'available'),
  ('b2020000-0000-0000-0000-000000000007','e2000000-0000-0000-0000-000000000001','back','C','7',7500,'available'),
  ('b2020000-0000-0000-0000-000000000008','e2000000-0000-0000-0000-000000000001','back','C','8',7500,'available'),
  ('b2020000-0000-0000-0000-000000000009','e2000000-0000-0000-0000-000000000001','back','D','1',7500,'available'),
  ('b2020000-0000-0000-0000-000000000010','e2000000-0000-0000-0000-000000000001','back','D','2',7500,'available'),
  ('b2020000-0000-0000-0000-000000000011','e2000000-0000-0000-0000-000000000001','back','D','3',7500,'available'),
  ('b2020000-0000-0000-0000-000000000012','e2000000-0000-0000-0000-000000000001','back','D','4',7500,'available'),
  ('b2020000-0000-0000-0000-000000000013','e2000000-0000-0000-0000-000000000001','back','D','5',7500,'available'),
  ('b2020000-0000-0000-0000-000000000014','e2000000-0000-0000-0000-000000000001','back','D','6',7500,'available'),
  ('b2020000-0000-0000-0000-000000000015','e2000000-0000-0000-0000-000000000001','back','D','7',7500,'available'),
  ('b2020000-0000-0000-0000-000000000016','e2000000-0000-0000-0000-000000000001','back','D','8',7500,'available'),
  -- balcony: rows E–G, $50
  ('b2030000-0000-0000-0000-000000000001','e2000000-0000-0000-0000-000000000001','balcony','E','1',5000,'available'),
  ('b2030000-0000-0000-0000-000000000002','e2000000-0000-0000-0000-000000000001','balcony','E','2',5000,'available'),
  ('b2030000-0000-0000-0000-000000000003','e2000000-0000-0000-0000-000000000001','balcony','E','3',5000,'available'),
  ('b2030000-0000-0000-0000-000000000004','e2000000-0000-0000-0000-000000000001','balcony','E','4',5000,'available'),
  ('b2030000-0000-0000-0000-000000000005','e2000000-0000-0000-0000-000000000001','balcony','E','5',5000,'available'),
  ('b2030000-0000-0000-0000-000000000006','e2000000-0000-0000-0000-000000000001','balcony','E','6',5000,'available'),
  ('b2030000-0000-0000-0000-000000000007','e2000000-0000-0000-0000-000000000001','balcony','F','1',5000,'available'),
  ('b2030000-0000-0000-0000-000000000008','e2000000-0000-0000-0000-000000000001','balcony','F','2',5000,'available'),
  ('b2030000-0000-0000-0000-000000000009','e2000000-0000-0000-0000-000000000001','balcony','F','3',5000,'available'),
  ('b2030000-0000-0000-0000-000000000010','e2000000-0000-0000-0000-000000000001','balcony','F','4',5000,'available'),
  ('b2030000-0000-0000-0000-000000000011','e2000000-0000-0000-0000-000000000001','balcony','F','5',5000,'available'),
  ('b2030000-0000-0000-0000-000000000012','e2000000-0000-0000-0000-000000000001','balcony','F','6',5000,'available'),
  -- vip: row S, $175
  ('b2040000-0000-0000-0000-000000000001','e2000000-0000-0000-0000-000000000001','vip','S','1',17500,'sold'),
  ('b2040000-0000-0000-0000-000000000002','e2000000-0000-0000-0000-000000000001','vip','S','2',17500,'sold'),
  ('b2040000-0000-0000-0000-000000000003','e2000000-0000-0000-0000-000000000001','vip','S','3',17500,'available'),
  ('b2040000-0000-0000-0000-000000000004','e2000000-0000-0000-0000-000000000001','vip','S','4',17500,'available'),
  ('b2040000-0000-0000-0000-000000000005','e2000000-0000-0000-0000-000000000001','vip','S','5',17500,'sold'),
  ('b2040000-0000-0000-0000-000000000006','e2000000-0000-0000-0000-000000000001','vip','S','6',17500,'available');

-- ---------------------------------------------------------------------------
-- Inventory — Empire Arts: Hamlet Matinee (e2...002)
-- Same layout, more availability (weekend afternoon)
-- ---------------------------------------------------------------------------

INSERT INTO inventory (id, event_id, section, row, seat_number, price_cents, status) VALUES
  ('b2050000-0000-0000-0000-000000000001','e2000000-0000-0000-0000-000000000002','front','A','1',12000,'available'),
  ('b2050000-0000-0000-0000-000000000002','e2000000-0000-0000-0000-000000000002','front','A','2',12000,'available'),
  ('b2050000-0000-0000-0000-000000000003','e2000000-0000-0000-0000-000000000002','front','A','3',12000,'available'),
  ('b2050000-0000-0000-0000-000000000004','e2000000-0000-0000-0000-000000000002','front','A','4',12000,'available'),
  ('b2050000-0000-0000-0000-000000000005','e2000000-0000-0000-0000-000000000002','front','A','5',12000,'available'),
  ('b2050000-0000-0000-0000-000000000006','e2000000-0000-0000-0000-000000000002','front','A','6',12000,'available'),
  ('b2050000-0000-0000-0000-000000000007','e2000000-0000-0000-0000-000000000002','front','B','1',12000,'available'),
  ('b2050000-0000-0000-0000-000000000008','e2000000-0000-0000-0000-000000000002','front','B','2',12000,'available'),
  ('b2050000-0000-0000-0000-000000000009','e2000000-0000-0000-0000-000000000002','front','B','3',12000,'available'),
  ('b2050000-0000-0000-0000-000000000010','e2000000-0000-0000-0000-000000000002','front','B','4',12000,'available'),
  ('b2050000-0000-0000-0000-000000000011','e2000000-0000-0000-0000-000000000002','front','B','5',12000,'available'),
  ('b2050000-0000-0000-0000-000000000012','e2000000-0000-0000-0000-000000000002','front','B','6',12000,'available'),
  ('b2050000-0000-0000-0000-000000000013','e2000000-0000-0000-0000-000000000002','back','C','1',7500,'available'),
  ('b2050000-0000-0000-0000-000000000014','e2000000-0000-0000-0000-000000000002','back','C','2',7500,'available'),
  ('b2050000-0000-0000-0000-000000000015','e2000000-0000-0000-0000-000000000002','back','C','3',7500,'available'),
  ('b2050000-0000-0000-0000-000000000016','e2000000-0000-0000-0000-000000000002','back','C','4',7500,'available'),
  ('b2050000-0000-0000-0000-000000000017','e2000000-0000-0000-0000-000000000002','back','C','5',7500,'available'),
  ('b2050000-0000-0000-0000-000000000018','e2000000-0000-0000-0000-000000000002','back','C','6',7500,'available'),
  ('b2050000-0000-0000-0000-000000000019','e2000000-0000-0000-0000-000000000002','back','D','1',7500,'available'),
  ('b2050000-0000-0000-0000-000000000020','e2000000-0000-0000-0000-000000000002','back','D','2',7500,'available'),
  ('b2050000-0000-0000-0000-000000000021','e2000000-0000-0000-0000-000000000002','back','D','3',7500,'available'),
  ('b2050000-0000-0000-0000-000000000022','e2000000-0000-0000-0000-000000000002','back','D','4',7500,'available'),
  ('b2050000-0000-0000-0000-000000000023','e2000000-0000-0000-0000-000000000002','balcony','E','1',5000,'available'),
  ('b2050000-0000-0000-0000-000000000024','e2000000-0000-0000-0000-000000000002','balcony','E','2',5000,'available'),
  ('b2050000-0000-0000-0000-000000000025','e2000000-0000-0000-0000-000000000002','balcony','E','3',5000,'available'),
  ('b2050000-0000-0000-0000-000000000026','e2000000-0000-0000-0000-000000000002','balcony','E','4',5000,'available'),
  ('b2050000-0000-0000-0000-000000000027','e2000000-0000-0000-0000-000000000002','balcony','F','1',5000,'available'),
  ('b2050000-0000-0000-0000-000000000028','e2000000-0000-0000-0000-000000000002','balcony','F','2',5000,'available'),
  ('b2050000-0000-0000-0000-000000000029','e2000000-0000-0000-0000-000000000002','balcony','F','3',5000,'available'),
  ('b2050000-0000-0000-0000-000000000030','e2000000-0000-0000-0000-000000000002','balcony','F','4',5000,'available'),
  ('b2050000-0000-0000-0000-000000000031','e2000000-0000-0000-0000-000000000002','vip','S','1',17500,'available'),
  ('b2050000-0000-0000-0000-000000000032','e2000000-0000-0000-0000-000000000002','vip','S','2',17500,'available'),
  ('b2050000-0000-0000-0000-000000000033','e2000000-0000-0000-0000-000000000002','vip','S','3',17500,'available'),
  ('b2050000-0000-0000-0000-000000000034','e2000000-0000-0000-0000-000000000002','vip','S','4',17500,'available');

-- ---------------------------------------------------------------------------
-- Inventory — Empire Arts: The Glass Menagerie (e2...003)
-- Studio Black Box — intimate, no balcony, no vip, $60 flat
-- ---------------------------------------------------------------------------

INSERT INTO inventory (id, event_id, section, row, seat_number, price_cents, status) VALUES
  ('b2060000-0000-0000-0000-000000000001','e2000000-0000-0000-0000-000000000003','front','A','1',6000,'available'),
  ('b2060000-0000-0000-0000-000000000002','e2000000-0000-0000-0000-000000000003','front','A','2',6000,'available'),
  ('b2060000-0000-0000-0000-000000000003','e2000000-0000-0000-0000-000000000003','front','A','3',6000,'available'),
  ('b2060000-0000-0000-0000-000000000004','e2000000-0000-0000-0000-000000000003','front','A','4',6000,'available'),
  ('b2060000-0000-0000-0000-000000000005','e2000000-0000-0000-0000-000000000003','front','B','1',6000,'sold'),
  ('b2060000-0000-0000-0000-000000000006','e2000000-0000-0000-0000-000000000003','front','B','2',6000,'sold'),
  ('b2060000-0000-0000-0000-000000000007','e2000000-0000-0000-0000-000000000003','front','B','3',6000,'available'),
  ('b2060000-0000-0000-0000-000000000008','e2000000-0000-0000-0000-000000000003','front','B','4',6000,'available'),
  ('b2060000-0000-0000-0000-000000000009','e2000000-0000-0000-0000-000000000003','back','C','1',6000,'available'),
  ('b2060000-0000-0000-0000-000000000010','e2000000-0000-0000-0000-000000000003','back','C','2',6000,'available'),
  ('b2060000-0000-0000-0000-000000000011','e2000000-0000-0000-0000-000000000003','back','C','3',6000,'available'),
  ('b2060000-0000-0000-0000-000000000012','e2000000-0000-0000-0000-000000000003','back','C','4',6000,'available'),
  ('b2060000-0000-0000-0000-000000000013','e2000000-0000-0000-0000-000000000003','back','D','1',6000,'available'),
  ('b2060000-0000-0000-0000-000000000014','e2000000-0000-0000-0000-000000000003','back','D','2',6000,'available'),
  ('b2060000-0000-0000-0000-000000000015','e2000000-0000-0000-0000-000000000003','back','D','3',6000,'available'),
  ('b2060000-0000-0000-0000-000000000016','e2000000-0000-0000-0000-000000000003','back','D','4',6000,'available');
